province,asis_vhi_mean,rainfall_pct_normal_mean,soil_moisture_pct_normal_mean,night_lst_celsius_mean,composite_biophysical_stress_mean,agricultural_priority_mean,exposure_priority_mean,priority_class,population_high_priority,population_moderate_priority,population_watch_priority,population_exposed_total,census_units,census_units_no_coverage,cropland_high_ha,cropland_stressed_ha
Manus,0.318,45.3,72.3,0.0,63.8,41.4,41.4,High,24002.0,7146.0,9974.0,31148.0,243,98,0.0,0.0
Western,0.395,40.0,78.2,0.0,55.1,41.6,41.6,Moderate,129941.0,47204.0,27464.0,177145.0,916,293,0.0,0.0
Eastern Highlands,0.362,51.1,81.5,1.2,54.6,40.5,40.5,Moderate,434813.0,160383.0,88197.0,595196.0,3061,463,1.0,1.0
National Capital District,0.409,38.8,74.7,0.0,54.3,27.6,27.6,Moderate,306830.0,194259.0,246138.0,501089.0,723,210,0.0,0.0
East Sepik,0.352,41.6,91.7,0.0,52.0,42.1,42.1,Moderate,403280.0,126640.0,36971.0,529920.0,1645,290,0.0,0.0
West New Britain,0.448,36.3,77.7,0.0,51.3,47.8,47.8,Moderate,156761.0,48874.0,19230.0,205635.0,746,201,0.0,0.0
Madang,0.443,29.1,79.0,0.4,51.2,45.4,45.4,Moderate,434625.0,94040.0,40795.0,528665.0,1785,372,593.0,593.0
Sandaun,0.361,48.9,92.8,0.2,49.6,30.1,30.1,Moderate,144320.0,99953.0,60078.0,244273.0,1238,379,0.0,0.0
Morobe,0.407,40.6,87.8,0.9,49.5,32.7,32.7,Moderate,491930.0,242966.0,107734.0,734896.0,2811,719,494.0,790.0
Western Highlands,0.399,44.4,91.3,1.9,48.7,37.9,37.9,Moderate,310812.0,146028.0,59996.0,456840.0,1347,204,0.0,0.0
Oro,0.445,35.9,85.4,0.4,48.5,40.8,40.8,Moderate,166016.0,47737.0,16201.0,213753.0,991,150,0.0,0.0
Milne Bay,0.459,27.7,84.4,0.1,47.5,30.1,30.1,Moderate,120197.0,79185.0,28081.0,199382.0,1327,495,0.0,0.0
Gulf,0.408,36.7,92.5,0.0,47.4,22.3,22.3,Moderate,64128.0,60652.0,18281.0,124780.0,582,177,0.0,0.0
Jiwaka,0.434,44.1,89.7,1.2,47.1,36.0,36.0,Moderate,286150.0,101340.0,30878.0,387490.0,1139,111,0.0,0.0
Chimbu,0.431,45.6,91.7,0.9,46.4,28.7,28.7,Moderate,334544.0,189654.0,67072.0,524198.0,1792,253,0.0,0.0
Enga,0.482,46.8,91.0,2.2,45.2,41.5,41.5,Moderate,320860.0,180583.0,41577.0,501443.0,1043,126,0.0,0.0
Central,0.506,36.1,84.9,0.5,43.9,42.0,42.0,Moderate,184366.0,121243.0,29393.0,305609.0,1235,198,0.0,0.0
Hela,0.492,47.2,89.7,1.2,43.3,37.7,37.7,Moderate,160618.0,122210.0,96412.0,282828.0,1959,347,0.0,0.0
Southern Highlands,0.474,42.5,90.4,0.5,43.1,24.4,24.4,Moderate,312791.0,303714.0,98112.0,616505.0,2982,704,0.0,0.0
New Ireland,0.448,64.8,74.3,0.0,42.7,30.7,30.7,Moderate,79118.0,34374.0,25075.0,113492.0,802,329,0.0,0.0
East New Britain,0.495,59.3,91.2,0.0,36.0,33.0,33.0,Watch,88473.0,161597.0,53539.0,250070.0,1001,224,0.0,0.0
Bougainville,0.522,74.6,96.4,0.0,24.0,20.9,20.9,Watch,61554.0,111282.0,133474.0,172836.0,1340,243,0.0,0.0
